Task ID,Start Time,End Time,
88id001,0:27:42,2:43:40,
88id002,0:29:46,3:18:02,
88id003,0:31:50,3:52:24,
88id004,0:33:54,4:26:46,
88id005,0:35:58,5:01:08,
88id006,0:38:02,5:35:30,
88id007,0:40:06,6:09:52,
88id008,0:42:10,6:44:14,
88id009,0:44:14,7:18:36,
88id010,0:46:18,7:52:58,
88id011,0:48:22,8:27:20,
88id012,0:50:26,9:01:42,
88id013,0:52:30,9:36:04,
88id014,0:54:34,10:10:26,
88id015,0:56:38,10:44:48,
,,,
,,,
,,,
,,,
,,,
,,,
,,,
,,,
,,,
,,,
,,,
,,,
,,,
,,,
,,,
,,,
,,,
,,,
,,,
,,,
